LogID,lat,lon,alt,time
52,52.39195,13.037285,25.5,2023-01-20T15:25:55.000Z
53,52.39194,13.03726,25.2,2023-01-20T15:25:56.000Z
54,52.39194,13.03726,25.2,2023-01-20T15:25:56.000Z
55,52.39187,13.037238333,24.9,2023-01-20T15:26:01.000Z
56,52.391843333,13.037246667,24.1,2023-01-20T15:26:03.000Z
57,52.391831667,13.037261667,24.2,2023-01-20T15:26:04.000Z
58,52.3918,13.037266667,22.9,2023-01-20T15:26:07.000Z
59,52.391766667,13.03727,21.9,2023-01-20T15:26:09.000Z
60,52.39173,13.037283333,23.1,2023-01-20T15:26:11.000Z
61,52.391695,13.037296667,24.7,2023-01-20T15:26:13.000Z
62,52.391665,13.037315,26.6,2023-01-20T15:26:15.000Z
63,52.391645,13.037321667,25.9,2023-01-20T15:26:17.000Z
64,52.39161,13.037363333,27.3,2023-01-20T15:26:19.000Z
65,52.39159,13.037365,26.6,2023-01-20T15:26:21.000Z
66,52.39157,13.037343333,26.8,2023-01-20T15:26:23.000Z
67,52.39157,13.037343333,26.8,2023-01-20T15:26:23.000Z
68,52.391535,13.037343333,29.7,2023-01-20T15:26:27.000Z
69,52.391505,13.037348333,29.5,2023-01-20T15:26:29.000Z
70,52.391505,13.037348333,29.5,2023-01-20T15:26:29.000Z
71,52.391448333,13.037353333,31.1,2023-01-20T15:26:34.000Z
72,52.39144,13.037353333,29.2,2023-01-20T15:26:36.000Z
73,52.39144,13.037353333,29.2,2023-01-20T15:26:36.000Z
74,52.391395,13.037366667,29.0,2023-01-20T15:26:40.000Z
75,52.391375,13.037378333,29.4,2023-01-20T15:26:42.000Z
76,52.391356667,13.037386667,29.6,2023-01-20T15:26:43.000Z
77,52.39132,13.037388333,29.6,2023-01-20T15:26:46.000Z
78,52.391285,13.037401667,28.5,2023-01-20T15:26:48.000Z
79,52.391263333,13.037398333,27.9,2023-01-20T15:26:50.000Z
80,52.39124,13.037418333,27.4,2023-01-20T15:26:52.000Z
81,52.391208333,13.037421667,28.0,2023-01-20T15:26:54.000Z
82,52.391185,13.037421667,27.0,2023-01-20T15:26:56.000Z
83,52.391185,13.037421667,27.0,2023-01-20T15:26:56.000Z
84,52.39114,13.037445,24.0,2023-01-20T15:27:00.000Z
85,52.391125,13.037441667,22.5,2023-01-20T15:27:02.000Z
86,52.391125,13.037441667,22.5,2023-01-20T15:27:02.000Z
87,52.391083333,13.037443333,22.9,2023-01-20T15:27:06.000Z
88,52.391058333,13.037441667,23.3,2023-01-20T15:27:08.000Z
89,52.391058333,13.037441667,23.3,2023-01-20T15:27:08.000Z
90,52.391005,13.037448333,24.2,2023-01-20T15:27:13.000Z
91,52.390986667,13.037456667,25.1,2023-01-20T15:27:15.000Z
92,52.390986667,13.037456667,25.1,2023-01-20T15:27:15.000Z
93,52.390943333,13.037468333,25.3,2023-01-20T15:27:19.000Z
94,52.390921667,13.03748,25.9,2023-01-20T15:27:21.000Z
95,52.390901667,13.037491667,26.3,2023-01-20T15:27:23.000Z
96,52.390885,13.037496667,26.7,2023-01-20T15:27:25.000Z
97,52.390865,13.037508333,27.8,2023-01-20T15:27:27.000Z
98,52.390841667,13.037516667,28.1,2023-01-20T15:27:29.000Z
99,52.390811667,13.037516667,27.5,2023-01-20T15:27:31.000Z
100,52.390793333,13.037521667,29.9,2023-01-20T15:27:33.000Z
101,52.390771667,13.037526667,29.4,2023-01-20T15:27:35.000Z
102,52.390771667,13.037526667,29.4,2023-01-20T15:27:35.000Z
103,52.390725,13.037548333,28.5,2023-01-20T15:27:39.000Z
104,52.390711667,13.037568333,26.6,2023-01-20T15:27:41.000Z
105,52.390711667,13.037568333,26.6,2023-01-20T15:27:41.000Z
106,52.390673333,13.037635,28.4,2023-01-20T15:27:46.000Z
107,52.390643333,13.037658333,28.7,2023-01-20T15:27:48.000Z
108,52.390643333,13.037658333,28.7,2023-01-20T15:27:48.000Z
109,52.390613333,13.037705,29.2,2023-01-20T15:27:52.000Z
110,52.390598333,13.037731667,31.5,2023-01-20T15:27:54.000Z
111,52.39059,13.03775,33.1,2023-01-20T15:27:55.000Z
112,52.390563333,13.037803333,36.8,2023-01-20T15:27:58.000Z
113,52.390531667,13.037808333,34.0,2023-01-20T15:28:00.000Z
114,52.390515,13.037813333,35.1,2023-01-20T15:28:02.000Z
115,52.390486667,13.037823333,35.5,2023-01-20T15:28:04.000Z
116,52.390466667,13.037825,32.9,2023-01-20T15:28:06.000Z
117,52.390438333,13.037836667,30.0,2023-01-20T15:28:08.000Z
118,52.390401667,13.03783,28.3,2023-01-20T15:28:10.000Z
119,52.39038,13.037845,29.1,2023-01-20T15:28:12.000Z
120,52.390356667,13.037848333,30.0,2023-01-20T15:28:14.000Z
121,52.390356667,13.037848333,30.0,2023-01-20T15:28:14.000Z
122,52.39029,13.037851667,26.9,2023-01-20T15:28:18.000Z
123,52.390261667,13.037856667,27.6,2023-01-20T15:28:20.000Z
124,52.390261667,13.037856667,27.6,2023-01-20T15:28:20.000Z
125,52.390198333,13.037868333,24.7,2023-01-20T15:28:25.000Z
126,52.390186667,13.03787,24.8,2023-01-20T15:28:26.000Z
127,52.390186667,13.03787,24.8,2023-01-20T15:28:26.000Z
128,52.390141667,13.037901667,28.3,2023-01-20T15:28:31.000Z
129,52.390118333,13.037898333,27.2,2023-01-20T15:28:33.000Z
130,52.390118333,13.037898333,27.2,2023-01-20T15:28:33.000Z
131,52.390073333,13.037905,26.4,2023-01-20T15:28:37.000Z
132,52.390045,13.03791,27.1,2023-01-20T15:28:39.000Z
133,52.390015,13.037916667,26.8,2023-01-20T15:28:41.000Z
134,52.389988333,13.03792,26.7,2023-01-20T15:28:43.000Z
135,52.389966667,13.037928333,27.6,2023-01-20T15:28:45.000Z
136,52.389943333,13.037935,27.3,2023-01-20T15:28:47.000Z
137,52.389943333,13.037935,27.3,2023-01-20T15:28:47.000Z
138,52.389888333,13.037941667,28.0,2023-01-20T15:28:51.000Z
139,52.389866667,13.037943333,27.6,2023-01-20T15:28:53.000Z
140,52.389866667,13.037943333,27.6,2023-01-20T15:28:53.000Z
141,52.389816667,13.03795,27.9,2023-01-20T15:28:57.000Z
142,52.389795,13.037961667,28.3,2023-01-20T15:28:59.000Z
143,52.389795,13.037961667,28.3,2023-01-20T15:28:59.000Z
144,52.389735,13.037985,29.7,2023-01-20T15:29:04.000Z
145,52.389723333,13.03799,29.6,2023-01-20T15:29:05.000Z
146,52.389723333,13.03799,29.6,2023-01-20T15:29:05.000Z
147,52.389713333,13.038066667,28.6,2023-01-20T15:29:10.000Z
148,52.389716667,13.038103333,28.9,2023-01-20T15:29:12.000Z
149,52.389713333,13.038118333,29.0,2023-01-20T15:29:13.000Z
150,52.3897,13.038165,27.9,2023-01-20T15:29:16.000Z
151,52.389691667,13.038198333,26.9,2023-01-20T15:29:18.000Z
152,52.38968,13.038235,26.3,2023-01-20T15:29:20.000Z
153,52.389666667,13.038266667,26.6,2023-01-20T15:29:22.000Z
154,52.389655,13.038315,26.6,2023-01-20T15:29:24.000Z
155,52.389645,13.038346667,26.5,2023-01-20T15:29:26.000Z
156,52.389645,13.038346667,26.5,2023-01-20T15:29:26.000Z
157,52.389625,13.038408333,27.7,2023-01-20T15:29:30.000Z
158,52.389618333,13.03845,28.5,2023-01-20T15:29:32.000Z
159,52.389618333,13.03845,28.5,2023-01-20T15:29:32.000Z
160,52.389595,13.038535,28.8,2023-01-20T15:29:37.000Z
161,52.389596667,13.038555,28.8,2023-01-20T15:29:38.000Z
162,52.389596667,13.038555,28.8,2023-01-20T15:29:38.000Z
163,52.389585,13.038636667,28.5,2023-01-20T15:29:43.000Z
164,52.389588333,13.038673333,25.6,2023-01-20T15:29:45.000Z
165,52.389588333,13.038673333,25.6,2023-01-20T15:29:45.000Z
166,52.38954,13.038725,25.7,2023-01-20T15:29:49.000Z
167,52.38952,13.03876,25.5,2023-01-20T15:29:51.000Z
168,52.389498333,13.038788333,24.7,2023-01-20T15:29:53.000Z
169,52.389485,13.038813333,24.1,2023-01-20T15:29:55.000Z
170,52.389466667,13.038841667,23.9,2023-01-20T15:29:57.000Z
171,52.389446667,13.03887,24.1,2023-01-20T15:29:59.000Z
172,52.389446667,13.03887,24.1,2023-01-20T15:29:59.000Z
173,52.389406667,13.038923333,26.4,2023-01-20T15:30:03.000Z
174,52.389383333,13.038951667,26.6,2023-01-20T15:30:05.000Z
175,52.389383333,13.038951667,26.6,2023-01-20T15:30:05.000Z
176,52.389356667,13.039008333,26.5,2023-01-20T15:30:09.000Z
177,52.389345,13.03904,26.7,2023-01-20T15:30:11.000Z
178,52.389345,13.03904,26.7,2023-01-20T15:30:11.000Z
179,52.389341667,13.03915,27.5,2023-01-20T15:30:16.000Z
180,52.38935,13.039173333,27.0,2023-01-20T15:30:17.000Z
181,52.38935,13.039173333,27.0,2023-01-20T15:30:17.000Z
182,52.389373333,13.039281667,26.0,2023-01-20T15:30:22.000Z
183,52.389378333,13.039328333,26.3,2023-01-20T15:30:24.000Z
184,52.389383333,13.039351667,26.5,2023-01-20T15:30:25.000Z
185,52.389393333,13.039405,27.0,2023-01-20T15:30:28.000Z
186,52.389405,13.03944,27.5,2023-01-20T15:30:30.000Z
187,52.389406667,13.03948,27.7,2023-01-20T15:30:32.000Z
188,52.389415,13.039515,28.4,2023-01-20T15:30:34.000Z
189,52.389423333,13.039551667,28.1,2023-01-20T15:30:36.000Z
190,52.389435,13.039593333,27.5,2023-01-20T15:30:38.000Z
191,52.389435,13.039593333,27.5,2023-01-20T15:30:38.000Z
192,52.389446667,13.039675,27.0,2023-01-20T15:30:42.000Z
193,52.389458333,13.03971,26.5,2023-01-20T15:30:44.000Z
194,52.389458333,13.03971,26.5,2023-01-20T15:30:44.000Z
195,52.389493333,13.039763333,26.8,2023-01-20T15:30:48.000Z
196,52.389505,13.039783333,26.6,2023-01-20T15:30:50.000Z
197,52.389505,13.039783333,26.6,2023-01-20T15:30:50.000Z
198,52.389551667,13.039811667,27.4,2023-01-20T15:30:55.000Z
199,52.389566667,13.039816667,27.0,2023-01-20T15:30:56.000Z
200,52.389566667,13.039816667,27.0,2023-01-20T15:30:56.000Z
201,52.389615,13.03986,29.2,2023-01-20T15:31:01.000Z
202,52.38963,13.039886667,29.3,2023-01-20T15:31:03.000Z
203,52.38964,13.039893333,30.0,2023-01-20T15:31:04.000Z
204,52.38967,13.039915,30.1,2023-01-20T15:31:07.000Z
205,52.38969,13.039928333,29.6,2023-01-20T15:31:09.000Z
206,52.389713333,13.039938333,29.5,2023-01-20T15:31:11.000Z
207,52.389725,13.039963333,31.7,2023-01-20T15:31:13.000Z
208,52.389743333,13.039981667,30.9,2023-01-20T15:31:15.000Z
209,52.389748333,13.040001667,29.8,2023-01-20T15:31:17.000Z
210,52.389748333,13.040001667,29.8,2023-01-20T15:31:17.000Z
211,52.38976,13.040075,31.2,2023-01-20T15:31:21.000Z
212,52.389773333,13.0401,31.1,2023-01-20T15:31:23.000Z
213,52.389773333,13.0401,31.1,2023-01-20T15:31:23.000Z
214,52.389813333,13.040138333,32.8,2023-01-20T15:31:28.000Z
215,52.389816667,13.040136667,34.1,2023-01-20T15:31:29.000Z
216,52.389816667,13.040136667,34.1,2023-01-20T15:31:29.000Z
217,52.389853333,13.040135,36.4,2023-01-20T15:31:34.000Z
218,52.389873333,13.04014,38.3,2023-01-20T15:31:36.000Z
219,52.389873333,13.04014,38.3,2023-01-20T15:31:36.000Z
220,52.389915,13.040171667,40.4,2023-01-20T15:31:40.000Z
221,52.389933333,13.040198333,40.0,2023-01-20T15:31:42.000Z
222,52.389945,13.040191667,40.1,2023-01-20T15:31:43.000Z
223,52.389978333,13.040205,36.8,2023-01-20T15:31:46.000Z
224,52.39003,13.040258333,35.5,2023-01-20T15:31:48.000Z
225,52.390065,13.04029,35.0,2023-01-20T15:31:50.000Z
226,52.390088333,13.040313333,34.6,2023-01-20T15:31:52.000Z
227,52.390108333,13.040331667,33.0,2023-01-20T15:31:54.000Z
228,52.390125,13.040343333,33.5,2023-01-20T15:31:56.000Z
229,52.390125,13.040343333,33.5,2023-01-20T15:31:56.000Z
230,52.390178333,13.040361667,35.3,2023-01-20T15:32:00.000Z
231,52.3902,13.040391667,35.9,2023-01-20T15:32:02.000Z
232,52.3902,13.040391667,35.9,2023-01-20T15:32:02.000Z
233,52.390235,13.040445,33.8,2023-01-20T15:32:07.000Z
234,52.390248333,13.040461667,34.1,2023-01-20T15:32:09.000Z
235,52.390248333,13.040461667,34.1,2023-01-20T15:32:09.000Z
236,52.39027,13.040501667,33.9,2023-01-20T15:32:13.000Z
237,52.390291667,13.040516667,33.7,2023-01-20T15:32:15.000Z
238,52.3903,13.040525,34.3,2023-01-20T15:32:16.000Z
239,52.39033,13.040548333,35.5,2023-01-20T15:32:19.000Z
240,52.390346667,13.040573333,33.5,2023-01-20T15:32:21.000Z
241,52.390351667,13.040601667,36.0,2023-01-20T15:32:23.000Z
242,52.390405,13.0406,38.5,2023-01-20T15:32:25.000Z
243,52.390426667,13.040593333,41.2,2023-01-20T15:32:27.000Z
244,52.390441667,13.040578333,43.7,2023-01-20T15:32:29.000Z
245,52.390441667,13.040578333,43.7,2023-01-20T15:32:29.000Z
246,52.390556667,13.040628333,31.9,2023-01-20T15:32:33.000Z
247,52.390586667,13.040646667,29.4,2023-01-20T15:32:35.000Z
248,52.390586667,13.040646667,29.4,2023-01-20T15:32:35.000Z
249,52.390658333,13.040671667,27.9,2023-01-20T15:32:40.000Z
250,52.390666667,13.04069,29.0,2023-01-20T15:32:41.000Z
251,52.390666667,13.04069,29.0,2023-01-20T15:32:41.000Z
252,52.390741667,13.040666667,28.9,2023-01-20T15:32:46.000Z
253,52.39076,13.040633333,27.7,2023-01-20T15:32:48.000Z
254,52.390763333,13.04061,27.2,2023-01-20T15:32:49.000Z
255,52.390786667,13.04054,27.1,2023-01-20T15:32:52.000Z
256,52.390801667,13.04052,26.5,2023-01-20T15:32:54.000Z
257,52.390806667,13.04047,28.0,2023-01-20T15:32:56.000Z
258,52.39081,13.040425,28.4,2023-01-20T15:32:58.000Z
259,52.390813333,13.040386667,28.7,2023-01-20T15:33:00.000Z
260,52.390818333,13.040348333,28.4,2023-01-20T15:33:02.000Z
261,52.390823333,13.040313333,28.6,2023-01-20T15:33:04.000Z
262,52.390831667,13.040263333,29.0,2023-01-20T15:33:06.000Z
263,52.390833333,13.040221667,28.0,2023-01-20T15:33:08.000Z
264,52.390833333,13.040221667,28.0,2023-01-20T15:33:08.000Z
265,52.390838333,13.040143333,27.0,2023-01-20T15:33:12.000Z
266,52.390843333,13.040106667,24.9,2023-01-20T15:33:14.000Z
267,52.390843333,13.040106667,24.9,2023-01-20T15:33:14.000Z
268,52.390863333,13.04,26.4,2023-01-20T15:33:19.000Z
269,52.39087,13.039978333,26.0,2023-01-20T15:33:20.000Z
270,52.39087,13.039978333,26.0,2023-01-20T15:33:20.000Z
271,52.390883333,13.039876667,29.8,2023-01-20T15:33:25.000Z
272,52.390883333,13.039835,30.7,2023-01-20T15:33:27.000Z
273,52.39088,13.039818333,31.2,2023-01-20T15:33:28.000Z
274,52.390878333,13.039761667,30.4,2023-01-20T15:33:31.000Z
275,52.390888333,13.039723333,30.0,2023-01-20T15:33:33.000Z
276,52.390896667,13.039686667,29.9,2023-01-20T15:33:35.000Z
277,52.3909,13.039645,31.0,2023-01-20T15:33:37.000Z
278,52.390898333,13.0396,29.9,2023-01-20T15:33:39.000Z
279,52.3909,13.039563333,29.5,2023-01-20T15:33:41.000Z
280,52.390905,13.039528333,28.9,2023-01-20T15:33:43.000Z
281,52.390898333,13.039501667,29.9,2023-01-20T15:33:45.000Z
282,52.390908333,13.039465,31.2,2023-01-20T15:33:47.000Z
283,52.390908333,13.039465,31.2,2023-01-20T15:33:47.000Z
284,52.390891667,13.039385,31.6,2023-01-20T15:33:51.000Z
285,52.390881667,13.039345,31.9,2023-01-20T15:33:53.000Z
286,52.390881667,13.039345,31.9,2023-01-20T15:33:53.000Z
287,52.390885,13.039255,29.5,2023-01-20T15:33:58.000Z
288,52.390898333,13.039218333,29.8,2023-01-20T15:34:00.000Z
289,52.390898333,13.039218333,29.8,2023-01-20T15:34:00.000Z
290,52.390941667,13.039196667,25.0,2023-01-20T15:34:04.000Z
291,52.390955,13.039186667,24.6,2023-01-20T15:34:06.000Z
292,52.39096,13.039186667,24.5,2023-01-20T15:34:07.000Z
293,52.391,13.039175,24.1,2023-01-20T15:34:10.000Z
294,52.391036667,13.039186667,22.9,2023-01-20T15:34:12.000Z
295,52.39106,13.039183333,22.0,2023-01-20T15:34:14.000Z
296,52.391076667,13.039176667,23.4,2023-01-20T15:34:16.000Z
297,52.391088333,13.039168333,25.8,2023-01-20T15:34:18.000Z
298,52.39108,13.039143333,32.4,2023-01-20T15:34:20.000Z
299,52.39108,13.039143333,32.4,2023-01-20T15:34:20.000Z
300,52.39113,13.039126667,35.6,2023-01-20T15:34:24.000Z
301,52.39115,13.039125,35.6,2023-01-20T15:34:26.000Z
302,52.39115,13.039125,35.6,2023-01-20T15:34:26.000Z
303,52.39118,13.039103333,35.6,2023-01-20T15:34:30.000Z
304,52.391203333,13.039093333,37.1,2023-01-20T15:34:32.000Z
305,52.391203333,13.039093333,37.1,2023-01-20T15:34:32.000Z
306,52.391271667,13.039058333,39.2,2023-01-20T15:34:37.000Z
307,52.391288333,13.039051667,41.6,2023-01-20T15:34:39.000Z
308,52.391288333,13.039051667,41.6,2023-01-20T15:34:39.000Z
309,52.391301667,13.039006667,46.9,2023-01-20T15:34:43.000Z
310,52.39131,13.03899,48.1,2023-01-20T15:34:45.000Z
311,52.391331667,13.038988333,48.9,2023-01-20T15:34:47.000Z
312,52.391351667,13.038988333,50.1,2023-01-20T15:34:49.000Z
313,52.391358333,13.038981667,53.7,2023-01-20T15:34:51.000Z
314,52.39139,13.039001667,54.5,2023-01-20T15:34:53.000Z
315,52.391411667,13.039008333,54.7,2023-01-20T15:34:55.000Z
316,52.391426667,13.039008333,55.9,2023-01-20T15:34:57.000Z
317,52.391436667,13.03898,56.5,2023-01-20T15:34:59.000Z
318,52.391436667,13.03898,56.5,2023-01-20T15:34:59.000Z
319,52.391501667,13.03906,57.3,2023-01-20T15:35:03.000Z
320,52.391525,13.039056667,56.8,2023-01-20T15:35:05.000Z
321,52.391525,13.039056667,56.8,2023-01-20T15:35:05.000Z
322,52.3916,13.039048333,54.7,2023-01-20T15:35:10.000Z
323,52.391625,13.039058333,54.6,2023-01-20T15:35:12.000Z
324,52.391625,13.039058333,54.6,2023-01-20T15:35:12.000Z
325,52.391635,13.039,61.6,2023-01-20T15:35:16.000Z
326,52.391653333,13.038986667,65.3,2023-01-20T15:35:18.000Z
327,52.391671667,13.038976667,63.4,2023-01-20T15:35:19.000Z
328,52.39171,13.038968333,60.7,2023-01-20T15:35:22.000Z
329,52.391743333,13.038995,59.6,2023-01-20T15:35:24.000Z
330,52.391768333,13.039015,59.6,2023-01-20T15:35:26.000Z
331,52.391786667,13.039003333,60.7,2023-01-20T15:35:28.000Z
332,52.391825,13.039013333,57.9,2023-01-20T15:35:30.000Z
333,52.391883333,13.039058333,53.9,2023-01-20T15:35:32.000Z
334,52.391913333,13.039061667,50.9,2023-01-20T15:35:34.000Z
335,52.391926667,13.039051667,53.6,2023-01-20T15:35:36.000Z
336,52.391955,13.039056667,54.4,2023-01-20T15:35:38.000Z
337,52.391955,13.039056667,54.4,2023-01-20T15:35:38.000Z
338,52.392006667,13.03906,54.0,2023-01-20T15:35:42.000Z
339,52.39203,13.039083333,55.6,2023-01-20T15:35:44.000Z
340,52.39203,13.039083333,55.6,2023-01-20T15:35:44.000Z
341,52.392113333,13.039113333,49.4,2023-01-20T15:35:49.000Z
342,52.392135,13.03912,48.6,2023-01-20T15:35:50.000Z
343,52.392135,13.03912,48.6,2023-01-20T15:35:50.000Z
344,52.3922,13.039138333,40.5,2023-01-20T15:35:55.000Z
345,52.392221667,13.039173333,38.8,2023-01-20T15:35:57.000Z
346,52.392231667,13.039191667,38.6,2023-01-20T15:35:58.000Z
347,52.392248333,13.039248333,37.4,2023-01-20T15:36:01.000Z
348,52.39225,13.039286667,35.2,2023-01-20T15:36:03.000Z
349,52.392263333,13.039328333,34.0,2023-01-20T15:36:05.000Z
350,52.392271667,13.03937,33.4,2023-01-20T15:36:07.000Z
351,52.392278333,13.039418333,32.8,2023-01-20T15:36:09.000Z
352,52.392276667,13.039458333,31.6,2023-01-20T15:36:11.000Z
353,52.392276667,13.039458333,31.6,2023-01-20T15:36:11.000Z
354,52.392291667,13.039533333,30.7,2023-01-20T15:36:15.000Z
355,52.392291667,13.039573333,30.7,2023-01-20T15:36:17.000Z
356,52.392291667,13.039573333,30.7,2023-01-20T15:36:17.000Z
357,52.392311667,13.039685,30.8,2023-01-20T15:36:22.000Z
358,52.392308333,13.039701667,29.9,2023-01-20T15:36:23.000Z
359,52.392308333,13.039701667,29.9,2023-01-20T15:36:23.000Z
360,52.392305,13.039816667,28.0,2023-01-20T15:36:28.000Z
361,52.392298333,13.039853333,28.8,2023-01-20T15:36:30.000Z
362,52.392291667,13.03986,29.4,2023-01-20T15:36:31.000Z
363,52.392315,13.03994,27.0,2023-01-20T15:36:34.000Z
364,52.392315,13.039981667,27.4,2023-01-20T15:36:36.000Z
365,52.392356667,13.040026667,24.9,2023-01-20T15:36:38.000Z
366,52.392358333,13.040063333,24.9,2023-01-20T15:36:40.000Z
367,52.392366667,13.040096667,25.8,2023-01-20T15:36:42.000Z
368,52.392371667,13.040136667,24.8,2023-01-20T15:36:44.000Z
369,52.39239,13.040175,25.7,2023-01-20T15:36:46.000Z
370,52.392383333,13.04021,24.7,2023-01-20T15:36:48.000Z
371,52.392383333,13.040251667,25.8,2023-01-20T15:36:50.000Z
372,52.392383333,13.040251667,25.8,2023-01-20T15:36:50.000Z
373,52.392415,13.040325,27.7,2023-01-20T15:36:54.000Z
374,52.392426667,13.040363333,28.2,2023-01-20T15:36:56.000Z
375,52.392426667,13.040363333,28.2,2023-01-20T15:36:56.000Z
376,52.392406667,13.040463333,32.6,2023-01-20T15:37:01.000Z
377,52.392411667,13.04051,32.2,2023-01-20T15:37:03.000Z
378,52.392411667,13.04051,32.2,2023-01-20T15:37:03.000Z
379,52.392435,13.040591667,30.1,2023-01-20T15:37:07.000Z
380,52.392448333,13.040631667,31.3,2023-01-20T15:37:09.000Z
381,52.392453333,13.040653333,30.8,2023-01-20T15:37:10.000Z
382,52.392448333,13.040706667,29.3,2023-01-20T15:37:13.000Z
383,52.392461667,13.040746667,31.0,2023-01-20T15:37:15.000Z
384,52.392463333,13.040791667,30.9,2023-01-20T15:37:17.000Z
385,52.392461667,13.040825,30.2,2023-01-20T15:37:19.000Z
386,52.392468333,13.040868333,29.8,2023-01-20T15:37:21.000Z
387,52.392481667,13.04091,29.0,2023-01-20T15:37:23.000Z
388,52.392486667,13.040943333,28.5,2023-01-20T15:37:25.000Z
389,52.392491667,13.040981667,28.3,2023-01-20T15:37:27.000Z
390,52.392498333,13.04102,27.8,2023-01-20T15:37:29.000Z
391,52.392498333,13.04102,27.8,2023-01-20T15:37:29.000Z
392,52.392523333,13.041095,26.1,2023-01-20T15:37:33.000Z
393,52.392523333,13.041123333,25.1,2023-01-20T15:37:35.000Z
394,52.392523333,13.041123333,25.1,2023-01-20T15:37:35.000Z
395,52.392575,13.041191667,26.8,2023-01-20T15:37:40.000Z
396,52.392595,13.041201667,27.9,2023-01-20T15:37:42.000Z
397,52.392595,13.041201667,27.9,2023-01-20T15:37:42.000Z
398,52.392643333,13.0412,30.4,2023-01-20T15:37:46.000Z
399,52.392678333,13.041198333,29.5,2023-01-20T15:37:48.000Z
400,52.3927,13.041196667,27.8,2023-01-20T15:37:49.000Z
401,52.392738333,13.041208333,26.7,2023-01-20T15:37:52.000Z
402,52.392756667,13.041211667,27.0,2023-01-20T15:37:54.000Z
403,52.392781667,13.041216667,26.5,2023-01-20T15:37:56.000Z
404,52.392803333,13.041216667,28.7,2023-01-20T15:37:58.000Z
405,52.392826667,13.041223333,31.7,2023-01-20T15:38:00.000Z
406,52.392856667,13.041218333,34.7,2023-01-20T15:38:02.000Z
407,52.392856667,13.041218333,34.7,2023-01-20T15:38:02.000Z
408,52.392908333,13.041211667,33.6,2023-01-20T15:38:06.000Z
409,52.392931667,13.041201667,33.4,2023-01-20T15:38:08.000Z
410,52.392931667,13.041201667,33.4,2023-01-20T15:38:08.000Z
411,52.392985,13.041205,32.2,2023-01-20T15:38:12.000Z
412,52.393006667,13.041206667,32.1,2023-01-20T15:38:14.000Z
413,52.393006667,13.041206667,32.1,2023-01-20T15:38:14.000Z
414,52.393038333,13.041258333,33.0,2023-01-20T15:38:19.000Z
415,52.39301,13.04126,34.9,2023-01-20T15:38:21.000Z
416,52.393051667,13.041256667,36.2,2023-01-20T15:38:22.000Z
417,52.393061667,13.041245,36.8,2023-01-20T15:38:25.000Z
418,52.39311,13.041213333,35.0,2023-01-20T15:38:27.000Z
419,52.393151667,13.0412,36.0,2023-01-20T15:38:29.000Z
420,52.393173333,13.041195,36.7,2023-01-20T15:38:31.000Z
421,52.393198333,13.041188333,35.9,2023-01-20T15:38:33.000Z
422,52.393228333,13.04118,33.9,2023-01-20T15:38:35.000Z
423,52.393261667,13.041175,34.1,2023-01-20T15:38:37.000Z
424,52.393281667,13.041168333,33.0,2023-01-20T15:38:39.000Z
425,52.39331,13.04117,30.2,2023-01-20T15:38:41.000Z
426,52.39331,13.04117,30.2,2023-01-20T15:38:41.000Z
427,52.393346667,13.04116,32.8,2023-01-20T15:38:45.000Z
428,52.393366667,13.041163333,31.2,2023-01-20T15:38:47.000Z
429,52.393366667,13.041163333,31.2,2023-01-20T15:38:47.000Z
430,52.393441667,13.041168333,30.1,2023-01-20T15:38:52.000Z
431,52.393466667,13.041166667,30.8,2023-01-20T15:38:54.000Z
432,52.393466667,13.041166667,30.8,2023-01-20T15:38:54.000Z
433,52.393526667,13.041161667,29.3,2023-01-20T15:38:58.000Z
434,52.39355,13.041161667,29.0,2023-01-20T15:39:00.000Z
435,52.39356,13.041155,28.3,2023-01-20T15:39:01.000Z
436,52.393596667,13.04115,27.3,2023-01-20T15:39:04.000Z
437,52.393621667,13.04115,27.4,2023-01-20T15:39:06.000Z
438,52.393645,13.041143333,28.2,2023-01-20T15:39:08.000Z
439,52.393666667,13.041131667,28.0,2023-01-20T15:39:10.000Z
440,52.393683333,13.04113,29.5,2023-01-20T15:39:12.000Z
441,52.393716667,13.041143333,30.3,2023-01-20T15:39:14.000Z
442,52.393716667,13.041143333,30.3,2023-01-20T15:39:14.000Z
443,52.393761667,13.041155,31.1,2023-01-20T15:39:18.000Z
444,52.393795,13.041141667,30.8,2023-01-20T15:39:20.000Z
445,52.393795,13.041141667,30.8,2023-01-20T15:39:20.000Z
446,52.393848333,13.041156667,30.7,2023-01-20T15:39:24.000Z
447,52.393863333,13.041146667,34.0,2023-01-20T15:39:26.000Z
448,52.393863333,13.041146667,34.0,2023-01-20T15:39:26.000Z
449,52.393921667,13.041086667,34.9,2023-01-20T15:39:31.000Z
450,52.393946667,13.041085,35.8,2023-01-20T15:39:33.000Z
451,52.393946667,13.041085,35.8,2023-01-20T15:39:33.000Z
452,52.394,13.041081667,33.2,2023-01-20T15:39:37.000Z
453,52.394021667,13.041071667,33.6,2023-01-20T15:39:39.000Z
454,52.394041667,13.041081667,34.0,2023-01-20T15:39:40.000Z
455,52.39408,13.041081667,34.3,2023-01-20T15:39:43.000Z
456,52.394105,13.041075,33.9,2023-01-20T15:39:45.000Z
457,52.394125,13.041068333,33.0,2023-01-20T15:39:47.000Z
458,52.394135,13.041075,33.7,2023-01-20T15:39:49.000Z
459,52.394161667,13.041078333,34.4,2023-01-20T15:39:51.000Z
460,52.394193333,13.041061667,34.5,2023-01-20T15:39:53.000Z
461,52.394193333,13.041061667,34.5,2023-01-20T15:39:53.000Z
462,52.394238333,13.04105,35.0,2023-01-20T15:39:57.000Z
463,52.394266667,13.04108,38.6,2023-01-20T15:39:59.000Z
464,52.394266667,13.04108,38.6,2023-01-20T15:39:59.000Z
465,52.394358333,13.041155,55.3,2023-01-20T15:40:04.000Z
466,52.394368333,13.041168333,57.3,2023-01-20T15:40:05.000Z
467,52.394368333,13.041168333,57.3,2023-01-20T15:40:05.000Z
468,52.394428333,13.041196667,63.5,2023-01-20T15:40:10.000Z
469,52.394461667,13.041198333,68.2,2023-01-20T15:40:12.000Z
470,52.394481667,13.041193333,70.6,2023-01-20T15:40:13.000Z
471,52.394558333,13.041196667,75.9,2023-01-20T15:40:16.000Z
472,52.394585,13.041168333,72.0,2023-01-20T15:40:18.000Z
473,52.394606667,13.041148333,70.4,2023-01-20T15:40:20.000Z
474,52.39462,13.041156667,70.1,2023-01-20T15:40:22.000Z
475,52.394656667,13.041166667,70.8,2023-01-20T15:40:24.000Z
476,52.39469,13.041125,70.0,2023-01-20T15:40:26.000Z
477,52.39469,13.041125,70.0,2023-01-20T15:40:26.000Z
478,52.394715,13.041001667,61.9,2023-01-20T15:40:30.000Z
479,52.394725,13.04095,57.6,2023-01-20T15:40:32.000Z
480,52.394725,13.04095,57.6,2023-01-20T15:40:32.000Z
481,52.394783333,13.040885,54.4,2023-01-20T15:40:36.000Z
482,52.3948,13.040851667,54.4,2023-01-20T15:40:38.000Z
483,52.3948,13.040851667,54.4,2023-01-20T15:40:38.000Z
484,52.394848333,13.040775,54.2,2023-01-20T15:40:43.000Z
485,52.39489,13.040766667,56.3,2023-01-20T15:40:45.000Z
486,52.39489,13.040766667,56.3,2023-01-20T15:40:45.000Z
487,52.394955,13.040743333,61.6,2023-01-20T15:40:49.000Z
488,52.394968333,13.040711667,63.3,2023-01-20T15:40:51.000Z
489,52.394971667,13.040666667,62.4,2023-01-20T15:40:53.000Z
490,52.394978333,13.040623333,62.0,2023-01-20T15:40:55.000Z
491,52.394976667,13.040583333,60.5,2023-01-20T15:40:57.000Z
492,52.394975,13.040538333,58.4,2023-01-20T15:40:59.000Z
493,52.394983333,13.040501667,56.7,2023-01-20T15:41:01.000Z
494,52.394988333,13.040448333,51.2,2023-01-20T15:41:03.000Z
495,52.395,13.040398333,46.6,2023-01-20T15:41:05.000Z
496,52.395,13.040398333,46.6,2023-01-20T15:41:05.000Z
497,52.395025,13.04032,41.6,2023-01-20T15:41:09.000Z
498,52.395038333,13.040286667,40.1,2023-01-20T15:41:11.000Z
499,52.395038333,13.040286667,40.1,2023-01-20T15:41:11.000Z
500,52.395053333,13.040188333,33.2,2023-01-20T15:41:16.000Z
501,52.395058333,13.040171667,32.8,2023-01-20T15:41:17.000Z
502,52.395058333,13.040171667,32.8,2023-01-20T15:41:17.000Z
503,52.395065,13.04008,29.0,2023-01-20T15:41:22.000Z
504,52.395051667,13.040048333,28.1,2023-01-20T15:41:24.000Z
505,52.395043333,13.040035,27.0,2023-01-20T15:41:25.000Z
506,52.395016667,13.039988333,26.1,2023-01-20T15:41:28.000Z
507,52.394998333,13.039958333,25.6,2023-01-20T15:41:30.000Z
508,52.39498,13.039926667,25.6,2023-01-20T15:41:32.000Z
509,52.394961667,13.039891667,25.6,2023-01-20T15:41:34.000Z
510,52.394943333,13.039861667,24.6,2023-01-20T15:41:36.000Z
511,52.39492,13.039836667,24.8,2023-01-20T15:41:38.000Z
512,52.39492,13.039836667,24.8,2023-01-20T15:41:38.000Z
513,52.39489,13.039773333,24.3,2023-01-20T15:41:42.000Z
514,52.394875,13.03974,24.3,2023-01-20T15:41:44.000Z
515,52.394875,13.03974,24.3,2023-01-20T15:41:44.000Z
516,52.394838333,13.039675,23.8,2023-01-20T15:41:48.000Z
517,52.394825,13.039645,23.6,2023-01-20T15:41:50.000Z
518,52.394825,13.039645,23.6,2023-01-20T15:41:50.000Z
519,52.39478,13.039576667,23.3,2023-01-20T15:41:55.000Z
520,52.394758333,13.039555,22.6,2023-01-20T15:41:57.000Z
521,52.394758333,13.039555,22.6,2023-01-20T15:41:57.000Z
522,52.394748333,13.039491667,23.1,2023-01-20T15:42:01.000Z
523,52.394735,13.039465,23.5,2023-01-20T15:42:03.000Z
524,52.394723333,13.03946,23.5,2023-01-20T15:42:04.000Z
525,52.394703333,13.03943,23.3,2023-01-20T15:42:07.000Z
526,52.394693333,13.039413333,23.6,2023-01-20T15:42:09.000Z
527,52.394688333,13.0394,24.7,2023-01-20T15:42:11.000Z
528,52.394688333,13.039398333,24.7,2023-01-20T15:42:13.000Z
529,52.394688333,13.039398333,23.7,2023-01-20T15:42:15.000Z
530,52.394688333,13.0394,23.1,2023-01-20T15:42:17.000Z
531,52.394688333,13.039398333,23.8,2023-01-20T15:42:19.000Z
532,52.394688333,13.039398333,23.7,2023-01-20T15:42:21.000Z
533,52.394688333,13.039398333,23.7,2023-01-20T15:42:23.000Z
534,52.394688333,13.039398333,23.7,2023-01-20T15:42:23.000Z
535,52.394688333,13.039398333,23.7,2023-01-20T15:42:27.000Z
536,52.39469,13.039395,24.9,2023-01-20T15:42:29.000Z
537,52.39469,13.039395,24.9,2023-01-20T15:42:29.000Z
538,52.394695,13.039348333,26.9,2023-01-20T15:42:34.000Z
539,52.394695,13.039325,27.5,2023-01-20T15:42:36.000Z
540,52.394695,13.039325,27.5,2023-01-20T15:42:36.000Z
541,52.394698333,13.03925,31.8,2023-01-20T15:42:40.000Z
542,52.394688333,13.039205,32.9,2023-01-20T15:42:42.000Z
543,52.394688333,13.039181667,32.7,2023-01-20T15:42:43.000Z
544,52.394675,13.03912,36.2,2023-01-20T15:42:46.000Z
545,52.39466,13.039088333,37.9,2023-01-20T15:42:48.000Z
546,52.394643333,13.039073333,39.9,2023-01-20T15:42:50.000Z
547,52.39463,13.039048333,41.3,2023-01-20T15:42:52.000Z
548,52.394613333,13.039021667,41.8,2023-01-20T15:42:54.000Z
549,52.394603333,13.038975,39.7,2023-01-20T15:42:56.000Z
550,52.39459,13.038938333,39.2,2023-01-20T15:42:58.000Z
551,52.394573333,13.038893333,36.8,2023-01-20T15:43:00.000Z
552,52.394553333,13.038855,36.7,2023-01-20T15:43:02.000Z
553,52.394553333,13.038855,36.7,2023-01-20T15:43:02.000Z
554,52.394523333,13.038766667,35.9,2023-01-20T15:43:06.000Z
555,52.394511667,13.038725,36.5,2023-01-20T15:43:08.000Z
556,52.394511667,13.038725,36.5,2023-01-20T15:43:08.000Z
557,52.394488333,13.03864,36.8,2023-01-20T15:43:13.000Z
558,52.39447,13.038613333,37.6,2023-01-20T15:43:15.000Z
559,52.39447,13.038613333,37.6,2023-01-20T15:43:15.000Z
560,52.394465,13.038541667,43.2,2023-01-20T15:43:19.000Z
561,52.394438333,13.038515,42.6,2023-01-20T15:43:21.000Z
562,52.394426667,13.0385,42.6,2023-01-20T15:43:22.000Z
563,52.394406667,13.038446667,42.1,2023-01-20T15:43:25.000Z
564,52.394386667,13.038408333,41.9,2023-01-20T15:43:27.000Z
565,52.394376667,13.03839,44.4,2023-01-20T15:43:29.000Z
566,52.394355,13.03837,45.3,2023-01-20T15:43:31.000Z
567,52.394323333,13.038338333,43.0,2023-01-20T15:43:33.000Z
568,52.394305,13.038305,41.2,2023-01-20T15:43:35.000Z
569,52.394275,13.038276667,40.0,2023-01-20T15:43:37.000Z
570,52.394256667,13.038256667,40.3,2023-01-20T15:43:39.000Z
571,52.394231667,13.038223333,40.9,2023-01-20T15:43:41.000Z
572,52.394231667,13.038223333,40.9,2023-01-20T15:43:41.000Z
573,52.394191667,13.038168333,42.3,2023-01-20T15:43:45.000Z
574,52.394176667,13.038125,41.6,2023-01-20T15:43:47.000Z
575,52.394176667,13.038125,41.6,2023-01-20T15:43:47.000Z
576,52.394148333,13.038036667,40.5,2023-01-20T15:43:52.000Z
577,52.394131667,13.038011667,39.6,2023-01-20T15:43:54.000Z
578,52.394131667,13.038011667,39.6,2023-01-20T15:43:54.000Z
579,52.3941,13.037923333,37.9,2023-01-20T15:43:58.000Z
580,52.394073333,13.037925,39.4,2023-01-20T15:44:00.000Z
581,52.39406,13.037916667,40.1,2023-01-20T15:44:01.000Z
582,52.394031667,13.037865,43.2,2023-01-20T15:44:04.000Z
583,52.394015,13.037833333,44.6,2023-01-20T15:44:06.000Z
584,52.39401,13.037795,46.3,2023-01-20T15:44:08.000Z
585,52.394006667,13.03776,47.5,2023-01-20T15:44:10.000Z
586,52.394,13.037738333,50.1,2023-01-20T15:44:12.000Z
587,52.393971667,13.037731667,52.0,2023-01-20T15:44:14.000Z
588,52.393966667,13.037691667,50.9,2023-01-20T15:44:16.000Z
589,52.393951667,13.037653333,48.6,2023-01-20T15:44:18.000Z
590,52.39393,13.037616667,46.3,2023-01-20T15:44:20.000Z
591,52.39393,13.037616667,46.3,2023-01-20T15:44:20.000Z
592,52.393913333,13.0375,37.7,2023-01-20T15:44:24.000Z
593,52.393896667,13.037485,41.3,2023-01-20T15:44:26.000Z
594,52.393896667,13.037485,41.3,2023-01-20T15:44:26.000Z
595,52.393843333,13.037403333,41.2,2023-01-20T15:44:31.000Z
596,52.393825,13.037373333,42.1,2023-01-20T15:44:33.000Z
597,52.393825,13.037373333,42.1,2023-01-20T15:44:33.000Z
598,52.393776667,13.037333333,42.3,2023-01-20T15:44:37.000Z
599,52.393753333,13.037325,40.7,2023-01-20T15:44:39.000Z
600,52.393745,13.037313333,40.8,2023-01-20T15:44:40.000Z
601,52.393708333,13.03726,40.8,2023-01-20T15:44:43.000Z
602,52.393688333,13.037256667,44.8,2023-01-20T15:44:45.000Z
603,52.393675,13.037218333,44.2,2023-01-20T15:44:47.000Z
604,52.393663333,13.037178333,43.6,2023-01-20T15:44:49.000Z
605,52.393645,13.037111667,39.7,2023-01-20T15:44:51.000Z
606,52.39363,13.037055,38.4,2023-01-20T15:44:53.000Z
607,52.39363,13.037055,38.4,2023-01-20T15:44:53.000Z
608,52.393593333,13.036966667,36.3,2023-01-20T15:44:57.000Z
609,52.393575,13.036928333,35.9,2023-01-20T15:44:59.000Z
610,52.393575,13.036928333,35.9,2023-01-20T15:44:59.000Z
611,52.393538333,13.03685,34.4,2023-01-20T15:45:03.000Z
612,52.393515,13.036826667,33.7,2023-01-20T15:45:05.000Z
613,52.393515,13.036826667,33.7,2023-01-20T15:45:05.000Z
614,52.393471667,13.036776667,35.2,2023-01-20T15:45:10.000Z
615,52.393461667,13.036771667,35.6,2023-01-20T15:45:11.000Z
616,52.393461667,13.036771667,35.6,2023-01-20T15:45:11.000Z
617,52.393438333,13.036758333,36.4,2023-01-20T15:45:16.000Z
618,52.393438333,13.036758333,37.4,2023-01-20T15:45:18.000Z
619,52.393438333,13.036758333,37.4,2023-01-20T15:45:18.000Z
620,52.393438333,13.03676,39.2,2023-01-20T15:45:22.000Z
621,52.393438333,13.03676,39.2,2023-01-20T15:45:24.000Z
622,52.393438333,13.03676,39.2,2023-01-20T15:45:26.000Z
623,52.393438333,13.03676,39.2,2023-01-20T15:45:28.000Z
624,52.393438333,13.03676,39.2,2023-01-20T15:45:30.000Z
625,52.393438333,13.03676,39.2,2023-01-20T15:45:32.000Z
626,52.393438333,13.03676,39.2,2023-01-20T15:45:32.000Z
627,52.39344,13.03676,38.9,2023-01-20T15:45:36.000Z
628,52.393438333,13.036758333,38.4,2023-01-20T15:45:38.000Z
629,52.393438333,13.036758333,38.4,2023-01-20T15:45:38.000Z
630,52.39343,13.03677,37.4,2023-01-20T15:45:42.000Z
631,52.393406667,13.036786667,37.1,2023-01-20T15:45:44.000Z
632,52.393406667,13.036786667,37.1,2023-01-20T15:45:44.000Z
633,52.39333,13.036771667,34.8,2023-01-20T15:45:49.000Z
634,52.393313333,13.03676,34.7,2023-01-20T15:45:50.000Z
635,52.393313333,13.03676,34.7,2023-01-20T15:45:50.000Z
636,52.393268333,13.03666,33.8,2023-01-20T15:45:55.000Z
637,52.393241667,13.036613333,33.5,2023-01-20T15:45:57.000Z
638,52.393231667,13.036591667,32.5,2023-01-20T15:45:58.000Z
639,52.393213333,13.036556667,31.6,2023-01-20T15:46:01.000Z
640,52.393195,13.036536667,31.5,2023-01-20T15:46:03.000Z
641,52.393175,13.036523333,31.6,2023-01-20T15:46:05.000Z
642,52.39315,13.036501667,31.5,2023-01-20T15:46:07.000Z
643,52.39312,13.03649,31.6,2023-01-20T15:46:09.000Z
644,52.393096667,13.036466667,29.8,2023-01-20T15:46:11.000Z
645,52.393096667,13.036466667,29.8,2023-01-20T15:46:11.000Z
646,52.393063333,13.036401667,27.0,2023-01-20T15:46:15.000Z
647,52.393048333,13.036366667,27.0,2023-01-20T15:46:17.000Z
648,52.393048333,13.036366667,27.0,2023-01-20T15:46:17.000Z
649,52.39302,13.036286667,25.2,2023-01-20T15:46:22.000Z
650,52.393011667,13.036275,25.5,2023-01-20T15:46:23.000Z
651,52.393011667,13.036275,25.5,2023-01-20T15:46:23.000Z
652,52.392978333,13.036196667,27.5,2023-01-20T15:46:28.000Z
653,52.392961667,13.036163333,26.8,2023-01-20T15:46:30.000Z
654,52.392961667,13.036163333,26.8,2023-01-20T15:46:30.000Z
655,52.392931667,13.036101667,29.1,2023-01-20T15:46:34.000Z
656,52.392915,13.03607,28.6,2023-01-20T15:46:36.000Z
657,52.392903333,13.036053333,28.1,2023-01-20T15:46:37.000Z
658,52.392878333,13.036013333,26.8,2023-01-20T15:46:40.000Z
659,52.392885,13.035973333,26.6,2023-01-20T15:46:42.000Z
660,52.392886667,13.035916667,29.0,2023-01-20T15:46:44.000Z
661,52.392893333,13.0359,29.7,2023-01-20T15:46:46.000Z
662,52.392891667,13.035898333,29.1,2023-01-20T15:46:48.000Z
663,52.392885,13.035885,29.5,2023-01-20T15:46:50.000Z
664,52.392885,13.035885,29.5,2023-01-20T15:46:50.000Z
665,52.392865,13.035881667,28.9,2023-01-20T15:46:54.000Z
666,52.392821667,13.03589,28.5,2023-01-20T15:46:56.000Z
667,52.392821667,13.03589,28.5,2023-01-20T15:46:56.000Z
668,52.392715,13.035938333,30.5,2023-01-20T15:47:01.000Z
669,52.392695,13.035943333,30.6,2023-01-20T15:47:02.000Z
670,52.392695,13.035943333,30.6,2023-01-20T15:47:02.000Z
671,52.39263,13.036013333,35.9,2023-01-20T15:47:07.000Z
672,52.392605,13.036046667,35.7,2023-01-20T15:47:09.000Z
673,52.392605,13.036046667,35.7,2023-01-20T15:47:09.000Z
674,52.392553333,13.03611,39.5,2023-01-20T15:47:13.000Z
675,52.392533333,13.036131667,41.9,2023-01-20T15:47:15.000Z
676,52.392521667,13.036173333,43.9,2023-01-20T15:47:17.000Z
677,52.39251,13.036213333,44.8,2023-01-20T15:47:19.000Z
678,52.392506667,13.036246667,42.4,2023-01-20T15:47:21.000Z
679,52.392513333,13.03628,39.2,2023-01-20T15:47:23.000Z
680,52.392513333,13.03628,39.2,2023-01-20T15:47:23.000Z
681,52.392501667,13.036343333,35.0,2023-01-20T15:47:27.000Z
682,52.392505,13.036388333,32.0,2023-01-20T15:47:29.000Z
683,52.392505,13.036388333,32.0,2023-01-20T15:47:29.000Z
684,52.392511667,13.036481667,30.0,2023-01-20T15:47:33.000Z
685,52.39251,13.036525,29.4,2023-01-20T15:47:35.000Z
686,52.39251,13.036525,29.4,2023-01-20T15:47:35.000Z
687,52.392531667,13.036598333,31.6,2023-01-20T15:47:40.000Z
688,52.392533333,13.03662,32.3,2023-01-20T15:47:41.000Z
689,52.392533333,13.03662,32.3,2023-01-20T15:47:41.000Z
690,52.39253,13.036705,34.3,2023-01-20T15:47:46.000Z
691,52.392535,13.03675,33.7,2023-01-20T15:47:48.000Z
692,52.392531667,13.036765,34.3,2023-01-20T15:47:49.000Z
693,52.392488333,13.036778333,32.3,2023-01-20T15:47:52.000Z
694,52.392461667,13.036791667,29.7,2023-01-20T15:47:54.000Z
695,52.39244,13.036811667,28.2,2023-01-20T15:47:56.000Z
696,52.392428333,13.03682,27.0,2023-01-20T15:47:58.000Z
697,52.392435,13.03682,24.4,2023-01-20T15:48:00.000Z
698,52.392446667,13.036798333,27.3,2023-01-20T15:48:02.000Z
699,52.392446667,13.036798333,27.3,2023-01-20T15:48:02.000Z
700,52.392486667,13.036738333,25.5,2023-01-20T15:48:06.000Z
701,52.392498333,13.036705,26.2,2023-01-20T15:48:08.000Z
702,52.392498333,13.036705,26.2,2023-01-20T15:48:08.000Z
703,52.392521667,13.03665,23.3,2023-01-20T15:48:13.000Z
704,52.392526667,13.036638333,23.2,2023-01-20T15:48:14.000Z
705,52.392526667,13.036638333,23.2,2023-01-20T15:48:14.000Z
706,52.392555,13.036578333,22.6,2023-01-20T15:48:19.000Z
707,52.392566667,13.03655,23.5,2023-01-20T15:48:21.000Z
708,52.392566667,13.03655,23.5,2023-01-20T15:48:21.000Z
709,52.392595,13.036498333,22.8,2023-01-20T15:48:25.000Z
710,52.392608333,13.036483333,20.3,2023-01-20T15:48:27.000Z
711,52.392615,13.036476667,20.2,2023-01-20T15:48:28.000Z
712,52.392633333,13.036455,20.2,2023-01-20T15:48:31.000Z
713,52.392641667,13.036433333,19.1,2023-01-20T15:48:33.000Z
714,52.392651667,13.036411667,19.3,2023-01-20T15:48:35.000Z
715,52.392653333,13.03639,18.8,2023-01-20T15:48:37.000Z
716,52.39266,13.036376667,19.1,2023-01-20T15:48:39.000Z
717,52.392658333,13.036373333,19.6,2023-01-20T15:48:41.000Z
718,52.392658333,13.036373333,19.6,2023-01-20T15:48:41.000Z
